{
  "Registration" : {
    "transaction" : "Registration",
    "sampleCount" : 100,
    "errorCount" : 0,
    "errorPct" : 0.0,
    "meanResTime" : 38.55,
    "medianResTime" : 22.0,
    "minResTime" : 11.0,
    "maxResTime" : 1013.0,
    "pct1ResTime" : 43.0,
    "pct2ResTime" : 103.74999999999949,
    "pct3ResTime" : 1005.0299999999959,
    "throughput" : 64.14368184733804,
    "receivedKBytesPerSec" : 451.13554361770366,
    "sentKBytesPerSec" : 15.4095173187941
  },
  "Total" : {
    "transaction" : "Total",
    "sampleCount" : 900,
    "errorCount" : 0,
    "errorPct" : 0.0,
    "meanResTime" : 45.57999999999997,
    "medianResTime" : 14.0,
    "minResTime" : 3.0,
    "maxResTime" : 1013.0,
    "pct1ResTime" : 43.89999999999998,
    "pct2ResTime" : 146.79999999999973,
    "pct3ResTime" : 875.6100000000004,
    "throughput" : 371.28712871287127,
    "receivedKBytesPerSec" : 1740.811288160066,
    "sentKBytesPerSec" : 59.302805280528055
  },
  "Home" : {
    "transaction" : "Home",
    "sampleCount" : 100,
    "errorCount" : 0,
    "errorPct" : 0.0,
    "meanResTime" : 28.66,
    "medianResTime" : 22.0,
    "minResTime" : 10.0,
    "maxResTime" : 177.0,
    "pct1ResTime" : 42.900000000000006,
    "pct2ResTime" : 73.79999999999995,
    "pct3ResTime" : 176.69999999999985,
    "throughput" : 64.8508430609598,
    "receivedKBytesPerSec" : 455.72916666666663,
    "sentKBytesPerSec" : 14.81943093385214
  },
  "Certificate-0" : {
    "transaction" : "Certificate-0",
    "sampleCount" : 100,
    "errorCount" : 0,
    "errorPct" : 0.0,
    "meanResTime" : 18.110000000000003,
    "medianResTime" : 11.0,
    "minResTime" : 6.0,
    "maxResTime" : 170.0,
    "pct1ResTime" : 35.900000000000006,
    "pct2ResTime" : 47.0,
    "pct3ResTime" : 169.35999999999967,
    "throughput" : 60.53268765133172,
    "receivedKBytesPerSec" : 7.80304176755448,
    "sentKBytesPerSec" : 7.566585956416465
  },
  "Registration-1" : {
    "transaction" : "Registration-1",
    "sampleCount" : 100,
    "errorCount" : 0,
    "errorPct" : 0.0,
    "meanResTime" : 11.059999999999999,
    "medianResTime" : 8.0,
    "minResTime" : 4.0,
    "maxResTime" : 99.0,
    "pct1ResTime" : 19.900000000000006,
    "pct2ResTime" : 23.0,
    "pct3ResTime" : 98.94999999999997,
    "throughput" : 64.72491909385113,
    "receivedKBytesPerSec" : 447.19609627831716,
    "sentKBytesPerSec" : 7.774575242718447
  },
  "Home-0" : {
    "transaction" : "Home-0",
    "sampleCount" : 100,
    "errorCount" : 0,
    "errorPct" : 0.0,
    "meanResTime" : 19.130000000000003,
    "medianResTime" : 13.0,
    "minResTime" : 6.0,
    "maxResTime" : 173.0,
    "pct1ResTime" : 26.900000000000006,
    "pct2ResTime" : 43.59999999999991,
    "pct3ResTime" : 172.69999999999985,
    "throughput" : 65.01950585175553,
    "receivedKBytesPerSec" : 7.682968953185956,
    "sentKBytesPerSec" : 7.428986508452535
  },
  "Certificate" : {
    "transaction" : "Certificate",
    "sampleCount" : 100,
    "errorCount" : 0,
    "errorPct" : 0.0,
    "meanResTime" : 138.69999999999996,
    "medianResTime" : 27.0,
    "minResTime" : 10.0,
    "maxResTime" : 980.0,
    "pct1ResTime" : 622.6000000000001,
    "pct2ResTime" : 871.0999999999989,
    "pct3ResTime" : 979.7899999999998,
    "throughput" : 60.350030175015085,
    "receivedKBytesPerSec" : 424.74869870247437,
    "sentKBytesPerSec" : 15.087507543753771
  },
  "Certificate-1" : {
    "transaction" : "Certificate-1",
    "sampleCount" : 100,
    "errorCount" : 0,
    "errorPct" : 0.0,
    "meanResTime" : 119.96,
    "medianResTime" : 10.0,
    "minResTime" : 4.0,
    "maxResTime" : 951.0,
    "pct1ResTime" : 613.6000000000001,
    "pct2ResTime" : 823.0999999999993,
    "pct3ResTime" : 950.9,
    "throughput" : 62.22775357809583,
    "receivedKBytesPerSec" : 429.9427310205352,
    "sentKBytesPerSec" : 7.778469197261979
  },
  "Registration-0" : {
    "transaction" : "Registration-0",
    "sampleCount" : 100,
    "errorCount" : 0,
    "errorPct" : 0.0,
    "meanResTime" : 26.82,
    "medianResTime" : 13.0,
    "minResTime" : 6.0,
    "maxResTime" : 1006.0,
    "pct1ResTime" : 22.900000000000006,
    "pct2ResTime" : 30.699999999999932,
    "pct3ResTime" : 998.049999999996,
    "throughput" : 64.43298969072164,
    "receivedKBytesPerSec" : 7.99120086984536,
    "sentKBytesPerSec" : 7.739509503865979
  },
  "Home-1" : {
    "transaction" : "Home-1",
    "sampleCount" : 100,
    "errorCount" : 0,
    "errorPct" : 0.0,
    "meanResTime" : 9.23,
    "medianResTime" : 6.0,
    "minResTime" : 3.0,
    "maxResTime" : 73.0,
    "pct1ResTime" : 17.900000000000006,
    "pct2ResTime" : 23.849999999999966,
    "pct3ResTime" : 72.85999999999993,
    "throughput" : 65.35947712418302,
    "receivedKBytesPerSec" : 451.58037173202615,
    "sentKBytesPerSec" : 7.467830882352941
  }
}